{"dataURL":"file:\/\/\/Users\/sreyareddy\/Developer\/Python\/KNU%20Museum\/Original\/Train\/","id":"D5DEB1DA-3320-474C-959C-A0DDA6878BD5","createdDate":"2022-05-17T08:05:36Z","title":"Train","modifiedDate":"2022-05-17T08:06:00Z","preferredFilename":"Train","version":"1.0","dataResult":{"dataURL":"file:\/\/\/Users\/sreyareddy\/Developer\/Python\/KNU%20Museum\/Original\/Train\/","createdDate":"2022-05-17T08:05:36Z","dataSourceID":"D5DEB1DA-3320-474C-959C-A0DDA6878BD5"},"activityEntities":["dataSourceTrainingStarted",[{"id":"E05E778C-9701-4A46-928E-78A7469003C2","title":"Used By","createdDate":"2022-05-17T08:06:00Z","event":"dataSourceTrainingStarted","subtitle":"MyImageClassifier 1"}],"dataSourceCreated",[{"id":"49B1067C-7D1A-408D-9B6C-E671E5904EB5","title":"Data Source Created","createdDate":"2022-05-17T08:05:36Z","event":"dataSourceCreated","subtitle":"Train"}],"dataSourceMetrics",[{"id":"F73242C0-D0FA-4AA8-8DB3-6FD6A6500344","title":"Data Summary","createdDate":"2022-05-17T08:06:00Z","event":"dataSourceMetrics","subtitle":"10 Classes, 11,836 Items"}]],"pathType":0,"experimentIDs":["1CB9B4F0-3449-46E2-BB8B-32608094BDC4"]}